hashtag,categoria,fechaCreacion
static,Finanzas,11/23/2022
capability,Política,1/7/2023
Integrated,Tecnología,8/12/2022
Down-sized,Videojuegos,10/30/2022
model,Videojuegos,6/4/2022
zero tolerance,Hogar,3/22/2023
frame,IA,10/27/2022
Managed,Farándula,7/3/2022
open architecture,Entretenimiento,3/14/2023
modular,Videojuegos,1/25/2023
Graphic Interface,Hogar,11/7/2022
internet solution,Videojuegos,10/28/2022
Cloned,Farándula,9/9/2022
Total,Tecnología,7/24/2022
client-server,Finanzas,3/23/2023
Face to face,IA,3/6/2023
frame,IA,10/6/2022
website,Hogar,4/15/2023
Object-based,Salud,8/19/2022
Optimized,Arte,8/21/2022
Configurable,Arte,10/20/2022
conglomeration,Finanzas,9/16/2022
service-desk,Hogar,3/1/2023
zero tolerance,Tecnología,7/10/2022
concept,Tecnología,8/26/2022
methodical,Política,2/28/2023
solution-oriented,Deportes,4/21/2023
orchestration,Farándula,9/22/2022
Synergized,Política,5/7/2023
Re-contextualized,IA,8/18/2022
global,Finanzas,5/21/2023
benchmark,Salud,9/28/2022
throughput,Hogar,9/8/2022
Exclusive,Salud,4/1/2023
strategy,Hogar,1/29/2023
Versatile,Deportes,1/11/2023
Face to face,Hogar,1/29/2023
Versatile,Farándula,1/24/2023
regional,Arte,5/2/2023
discrete,IA,11/26/2022
Decentralized,Política,5/11/2023
dynamic,Hogar,12/23/2022
process improvement,Política,8/2/2022
exuding,Hogar,8/4/2022
local area network,Tecnología,5/7/2023
fault-tolerant,Entretenimiento,2/8/2023
artificial intelligence,Geografía,1/14/2023
demand-driven,Entretenimiento,9/6/2022
fresh-thinking,Hogar,3/31/2023
full-range,Tecnología,12/15/2022
