link,alter,fechaSubida,size
https://picsum.photos/id/439/200,Duis ac nibh.,6/24/2022,3522
https://picsum.photos/id/424/200,Mauris sit amet eros.,5/23/2023,2632
https://picsum.photos/id/275/200,Etiam vel augue.,3/7/2023,3584
https://picsum.photos/id/816/200,Donec dapibus. Duis at velit eu est congue elementum. In hac habitasse platea dictumst.,2/15/2023,4081
https://picsum.photos/id/950/200,"Donec diam neque, vestibulum eget, vulputate ut, ultrices vel, augue. Vestibulum ante ipsum primis in faucibus orci luctus et ultrices posuere cubilia Curae; Donec pharetra, magna vestibulum aliquet ultrices, erat tortor sollicitudin mi, sit amet lobortis sapien sapien non mi.",10/21/2022,7047
https://picsum.photos/id/234/200,Praesent blandit. Nam nulla.,12/9/2022,1383
https://picsum.photos/id/068/200,,5/6/2023,143
https://picsum.photos/id/616/200,,3/11/2023,6836
https://picsum.photos/id/682/200,Quisque ut erat.,11/25/2022,5536
https://picsum.photos/id/345/200,Sed ante. Vivamus tortor. Duis mattis egestas metus.,9/21/2022,2147
https://picsum.photos/id/575/200,"Duis bibendum, felis sed interdum venenatis, turpis enim blandit mi, in porttitor pede justo eu massa. Donec dapibus.",9/14/2022,5104
https://picsum.photos/id/268/200,Suspendisse potenti. Cras in purus eu magna vulputate luctus.,11/10/2022,960
https://picsum.photos/id/676/200,,1/21/2023,7550
https://picsum.photos/id/677/200,,12/25/2022,523
https://picsum.photos/id/487/200,"Donec odio justo, sollicitudin ut, suscipit a, feugiat et, eros.",2/3/2023,930
https://picsum.photos/id/894/200,,3/14/2023,7472
https://picsum.photos/id/285/200,,6/8/2022,7859
https://picsum.photos/id/517/200,Pellentesque at nulla. Suspendisse potenti. Cras in purus eu magna vulputate luctus.,4/26/2023,2900
https://picsum.photos/id/214/200,Aenean fermentum.,9/5/2022,3823
https://picsum.photos/id/773/200,Nullam varius.,6/12/2022,2964
https://picsum.photos/id/834/200,Nunc rhoncus dui vel sem.,10/19/2022,1044
https://picsum.photos/id/370/200,Proin at turpis a pede posuere nonummy.,9/28/2022,2434
https://picsum.photos/id/648/200,,5/5/2023,7185
https://picsum.photos/id/851/200,Vivamus vel nulla eget eros elementum pellentesque. Quisque porta volutpat erat.,12/19/2022,3204
https://picsum.photos/id/976/200,Pellentesque ultrices mattis odio.,7/28/2022,6742
https://picsum.photos/id/349/200,,8/23/2022,2115
https://picsum.photos/id/809/200,,10/6/2022,5622
https://picsum.photos/id/576/200,,4/4/2023,4746
https://picsum.photos/id/640/200,Nulla nisl. Nunc nisl.,6/13/2022,4755
https://picsum.photos/id/097/200,Duis consequat dui nec nisi volutpat eleifend. Donec ut dolor.,8/14/2022,7124
https://picsum.photos/id/824/200,,12/13/2022,4250
https://picsum.photos/id/734/200,Donec ut dolor.,3/11/2023,6861
https://picsum.photos/id/769/200,Nulla facilisi.,2/20/2023,2683
https://picsum.photos/id/205/200,,7/31/2022,5913
https://picsum.photos/id/207/200,,5/21/2023,4795
https://picsum.photos/id/965/200,In quis justo. Maecenas rhoncus aliquam lacus. Morbi quis tortor id nulla ultrices aliquet.,1/10/2023,2435
https://picsum.photos/id/922/200,Maecenas tincidunt lacus at velit.,3/23/2023,7403
https://picsum.photos/id/987/200,Donec semper sapien a libero. Nam dui.,11/29/2022,2408
https://picsum.photos/id/842/200,Sed sagittis.,8/10/2022,5212
https://picsum.photos/id/839/200,,6/3/2022,6154
https://picsum.photos/id/789/200,Aliquam sit amet diam in magna bibendum imperdiet.,9/1/2022,7010
https://picsum.photos/id/437/200,"Cum sociis natoque penatibus et magnis dis parturient montes, nascetur ridiculus mus. Vivamus vestibulum sagittis sapien. Cum sociis natoque penatibus et magnis dis parturient montes, nascetur ridiculus mus.",5/30/2022,5992
https://picsum.photos/id/066/200,,8/4/2022,6902
https://picsum.photos/id/534/200,Sed ante. Vivamus tortor. Duis mattis egestas metus.,2/4/2023,383
https://picsum.photos/id/011/200,Praesent blandit lacinia erat.,4/22/2023,3462
https://picsum.photos/id/802/200,"Mauris ullamcorper purus sit amet nulla. Quisque arcu libero, rutrum ac, lobortis vel, dapibus at, diam.",6/5/2022,1757
https://picsum.photos/id/810/200,,1/26/2023,4763
https://picsum.photos/id/777/200,,12/23/2022,2983
https://picsum.photos/id/965/200,Nulla mollis molestie lorem. Quisque ut erat.,12/24/2022,5462
https://picsum.photos/id/344/200,"Nam dui. Proin leo odio, porttitor id, consequat in, consequat ut, nulla. Sed accumsan felis.",5/14/2023,5121
https://picsum.photos/id/699/200,Vestibulum ante ipsum primis in faucibus orci luctus et ultrices posuere cubilia Curae; Mauris viverra diam vitae quam.,8/4/2022,1997
https://picsum.photos/id/239/200,"Maecenas tristique, est et tempus semper, est quam pharetra magna, ac consequat metus sapien ut nunc. Vestibulum ante ipsum primis in faucibus orci luctus et ultrices posuere cubilia Curae; Mauris viverra diam vitae quam.",3/22/2023,3151
https://picsum.photos/id/106/200,Duis mattis egestas metus. Aenean fermentum. Donec ut mauris eget massa tempor convallis.,9/20/2022,6869
https://picsum.photos/id/179/200,"In sagittis dui vel nisl. Duis ac nibh. Fusce lacus purus, aliquet at, feugiat non, pretium quis, lectus.",1/27/2023,591
https://picsum.photos/id/294/200,,10/31/2022,2251
https://picsum.photos/id/834/200,,3/10/2023,2732
https://picsum.photos/id/876/200,,6/27/2022,4357
https://picsum.photos/id/457/200,Pellentesque ultrices mattis odio. Donec vitae nisi.,3/24/2023,714
https://picsum.photos/id/596/200,,12/10/2022,6759
https://picsum.photos/id/818/200,,3/14/2023,2936
https://picsum.photos/id/492/200,Nullam varius. Nulla facilisi. Cras non velit nec nisi vulputate nonummy.,11/1/2022,591
https://picsum.photos/id/117/200,"Maecenas tristique, est et tempus semper, est quam pharetra magna, ac consequat metus sapien ut nunc.",3/6/2023,122
https://picsum.photos/id/522/200,,2/22/2023,2577
https://picsum.photos/id/129/200,,5/9/2023,5309
https://picsum.photos/id/501/200,,3/30/2023,7489
https://picsum.photos/id/178/200,,8/13/2022,7111
https://picsum.photos/id/215/200,,2/19/2023,4810
https://picsum.photos/id/688/200,"Morbi vestibulum, velit id pretium iaculis, diam erat fermentum justo, nec condimentum neque sapien placerat ante. Nulla justo. Aliquam quis turpis eget elit sodales scelerisque.",4/18/2023,2423
https://picsum.photos/id/911/200,"Vestibulum ante ipsum primis in faucibus orci luctus et ultrices posuere cubilia Curae; Nulla dapibus dolor vel est. Donec odio justo, sollicitudin ut, suscipit a, feugiat et, eros. Vestibulum ac est lacinia nisi venenatis tristique.",4/3/2023,5608
https://picsum.photos/id/669/200,,5/22/2023,3974
https://picsum.photos/id/103/200,Nullam molestie nibh in lectus. Pellentesque at nulla.,10/14/2022,200
https://picsum.photos/id/145/200,,11/11/2022,7219
https://picsum.photos/id/714/200,Nulla tempus. Vivamus in felis eu sapien cursus vestibulum. Proin eu mi.,4/23/2023,368
https://picsum.photos/id/889/200,"Vestibulum quam sapien, varius ut, blandit non, interdum in, ante.",7/28/2022,1399
https://picsum.photos/id/804/200,Maecenas ut massa quis augue luctus tincidunt.,8/13/2022,6850
https://picsum.photos/id/987/200,,10/29/2022,6368
https://picsum.photos/id/814/200,Aliquam erat volutpat.,10/13/2022,4722
https://picsum.photos/id/522/200,"Quisque erat eros, viverra eget, congue eget, semper rutrum, nulla. Nunc purus.",3/10/2023,892
https://picsum.photos/id/496/200,,11/12/2022,1656
https://picsum.photos/id/341/200,Curabitur convallis. Duis consequat dui nec nisi volutpat eleifend.,7/26/2022,5239
https://picsum.photos/id/524/200,"Vivamus vestibulum sagittis sapien. Cum sociis natoque penatibus et magnis dis parturient montes, nascetur ridiculus mus. Etiam vel augue.",10/13/2022,2277
https://picsum.photos/id/252/200,,3/23/2023,7306
https://picsum.photos/id/058/200,,4/3/2023,4377
https://picsum.photos/id/641/200,Maecenas pulvinar lobortis est. Phasellus sit amet erat. Nulla tempus.,8/18/2022,3136
https://picsum.photos/id/491/200,"Morbi vestibulum, velit id pretium iaculis, diam erat fermentum justo, nec condimentum neque sapien placerat ante. Nulla justo. Aliquam quis turpis eget elit sodales scelerisque.",5/18/2023,800
https://picsum.photos/id/677/200,"Mauris enim leo, rhoncus sed, vestibulum sit amet, cursus id, turpis.",7/16/2022,4650
https://picsum.photos/id/695/200,,2/18/2023,5519
https://picsum.photos/id/317/200,,11/2/2022,2200
https://picsum.photos/id/624/200,Vestibulum sed magna at nunc commodo placerat. Praesent blandit.,6/29/2022,3672
https://picsum.photos/id/247/200,Sed accumsan felis. Ut at dolor quis odio consequat varius. Integer ac leo.,12/29/2022,4942
https://picsum.photos/id/783/200,,12/8/2022,7358
https://picsum.photos/id/323/200,,11/28/2022,6588
https://picsum.photos/id/638/200,"Lorem ipsum dolor sit amet, consectetuer adipiscing elit. Proin risus. Praesent lectus.",12/7/2022,7419
https://picsum.photos/id/282/200,,12/20/2022,2634
https://picsum.photos/id/894/200,Vestibulum sed magna at nunc commodo placerat. Praesent blandit. Nam nulla.,6/3/2022,4889
https://picsum.photos/id/767/200,,8/28/2022,1945
https://picsum.photos/id/226/200,,5/29/2022,103
https://picsum.photos/id/840/200,"Aliquam sit amet diam in magna bibendum imperdiet. Nullam orci pede, venenatis non, sodales sed, tincidunt eu, felis.",10/25/2022,4500
https://picsum.photos/id/772/200,,4/30/2023,2531
,,,
,,,
,,,
,,,
,,,
,,,
,,,
,,,
,,,
,,,
,,,
,,,
,,,
,,,
,,,
,,,
,,,
,,,
,,,
,,,
,,,
,,,
,,,
,,,
,,,
,,,
,,,
,,,
,,,
,,,
,,,
,,,
,,,
,,,
,,,
,,,
,,,
,,,
,,,
,,,
,,,
,,,
,,,
,,,
,,,
,,,
,,,
,,,
,,,
,,,
,,,
,,,
,,,
,,,
,,,
,,,
,,,
,,,
,,,
,,,
,,,
,,,
,,,
,,,
,,,
,,,
,,,
,,,
,,,
,,,
,,,
,,,
,,,
,,,
,,,
,,,
,,,
,,,
,,,
,,,
,,,
,,,
,,,
,,,
,,,
,,,
,,,
,,,
,,,
,,,
,,,
,,,
,,,
,,,
,,,
,,,
,,,
,,,
,,,
,,,
,,,
