categoria,ubicacion,horaProgramada,horaFinalizada,titulo,desc,multimedia
Vision-oriented,Vietnam,17:47,10:41 PM,Centralized real-time info-mediaries,Upgradable demand-driven paradigm,Eget.jpeg
coherent,Poland,4:44,2:41 PM,Cross-group transitional hardware,User-centric regional collaboration,Pulvinar.doc
extranet,Argentina,16:00,5:20 AM,Business-focused system-worthy flexibility,Distributed real-time ability,AmetJusto.avi
contextually-based,Bolivia,11:53,10:32 AM,Decentralized secondary complexity,Proactive user-facing time-frame,Dis.ppt
Upgradable,Iran,14:47,6:47 AM,Open-architected bi-directional throughput,Multi-channelled disintermediate database,AliquamAugueQuam.doc
Versatile,Indonesia,22:11,5:29 PM,Distributed maximized secured line,Front-line dedicated conglomeration,AtVelitEu.xls
infrastructure,Nepal,11:16,2:59 AM,Customizable even-keeled application,Customer-focused didactic capacity,Sit.xls
dynamic,China,18:21,1:39 PM,Seamless static time-frame,Intuitive dedicated approach,MorbiA.jpeg
solution-oriented,Ukraine,7:20,4:18 PM,Exclusive tertiary functionalities,Multi-lateral radical emulation,PulvinarNulla.ppt
Multi-tiered,Greece,10:17,7:36 AM,Profit-focused intangible success,Profound value-added throughput,MaurisEgetMassa.png
