user,nombre,email,password,fecha nacimiento,verificado,desc
eanfonsi0,Ed Anfonsi,eanfonsi0@histats.com,LQG8JrS2r,1991-04-26,false,Synchronised executive protocol
pgrigaut1,Pasquale Grigaut,pgrigaut1@fc2.com,YpTZ8KuGo,1998-06-11,true,Function-based national synergy
jhaucke2,Jannel Haucke,jhaucke2@nba.com,9leVxuIarF,1996-02-25,false,Up-sized grid-enabled middleware
atremoulet3,Andreana Tremoulet,atremoulet3@yelp.com,YvPwORXUoo,1989-12-22,false,Progressive transitional task-force
choy4,Charlie Hoy,choy4@rambler.ru,YYm0Pj4U,1980-11-13,true,Object-based grid-enabled challenge
bdi5,Barth Di Ruggiero,bdi5@springer.com,Ren0fGy6U9ld,1974-11-16,true,Optimized empowering contingency
ineighbour6,Ian Neighbour,ineighbour6@admin.ch,KtZSFdn,2002-08-03,false,Phased content-based website
mespino7,Merwin Espino,mespino7@shareasale.com,EIdnyNEFBp,1972-04-27,true,Profound static ability
fswire8,Flem Swire,fswire8@paginegialle.it,sWrLjoc9Og,1993-12-07,true,Virtual fresh-thinking process improvement
dpavese9,Dimitri Pavese,dpavese9@webnode.com,k8cTsly3qhZR,1978-09-27,true,Persevering contextually-based monitoring
adamsella,Anthia Damsell,adamsella@google.ca,jo7o1kwFWv,1996-02-15,false,Multi-layered 24/7 local area network
ecossingtonb,Ellwood Cossington,ecossingtonb@yale.edu,4N05Goc5P,1997-12-01,false,Intuitive intangible paradigm
fkestianc,Fremont Kestian,fkestianc@bloglovin.com,PvQza1,1992-05-26,false,Right-sized client-driven array
dmarconed,Darn Marcone,dmarconed@wsj.com,mZINZByZVB,1986-03-31,true,Visionary client-server model
efossee,Ealasaid Fosse,efossee@va.gov,QnchIog,1973-03-30,true,Organized tangible capability
bjurzykf,Boyd Jurzyk,bjurzykf@sbwire.com,q6fe70F3G,2002-01-12,true,Compatible uniform adapter
esheirlawg,Electra Sheirlaw,esheirlawg@cbslocal.com,xf0fROJg7d,1999-03-12,false,Mandatory dedicated access
ahartlandh,Aili Hartland,ahartlandh@gnu.org,wvlWt2,2005-11-23,false,Automated object-oriented projection
hleynaghi,Hynda Leynagh,hleynaghi@gnu.org,YkQeR6hmu,1972-02-14,false,Quality-focused disintermediate application
aerdelyj,Alexandr Erdely,aerdelyj@ovh.net,BrZJmh,1979-10-20,true,Multi-lateral next generation local area network
zchoupink,Zulema Choupin,zchoupink@fastcompany.com,W1wSfwfg,1973-06-24,false,Open-architected responsive hub
pwatersonl,Petronille Waterson,pwatersonl@marriott.com,kwtLmJxQ,1998-11-23,true,Team-oriented grid-enabled paradigm
edem,Etty De Biaggi,edem@fotki.com,aMiP6nQ,1979-11-02,true,Horizontal intermediate website
nbrooksbankn,Neville Brooksbank,nbrooksbankn@dedecms.com,nz8PamU021hT,2001-03-23,true,Quality-focused responsive definition
rbarbarao,Russell Barbara,rbarbarao@upenn.edu,Cp2MOnmdK,2000-12-31,true,Open-source high-level ability
usalatinop,Ursuline Salatino,usalatinop@bloomberg.com,ZqvgFHJOa,2009-07-31,true,Phased client-server conglomeration
mshmyrq,Melesa Shmyr,mshmyrq@skyrock.com,gByByp,1998-04-19,false,Up-sized static analyzer
jgeistmannr,Jade Geistmann,jgeistmannr@quantcast.com,qdHVrMZjF,1973-09-15,true,Universal bandwidth-monitored framework
awhyatts,Arleyne Whyatt,awhyatts@ucsd.edu,FjdJEcaKkCkS,1997-04-07,false,Ameliorated 24/7 encoding
ljerroldt,Lilith Jerrold,ljerroldt@geocities.com,3g5nD20,1997-10-23,false,Reactive object-oriented policy
gbridsonu,Gonzales Bridson,gbridsonu@last.fm,Hr6B3dYYNI,1986-08-05,true,Phased content-based architecture
igunninghamv,Ingrid Gunningham,igunninghamv@shop-pro.jp,JkfbAq1qQV,1976-10-08,false,Synchronised explicit knowledge base
fdacresw,Frannie Dacres,fdacresw@smugmug.com,h3c9F3VJ,1998-01-31,false,Optimized multi-tasking standardization
bhallutx,Biddie Hallut,bhallutx@flavors.me,LKKCtNrt,2003-03-09,true,Fully-configurable stable benchmark
criccioppoy,Charmane Riccioppo,criccioppoy@pagesperso-orange.fr,SJk78E,1970-08-17,false,Horizontal didactic challenge
qduffetz,Quillan Duffet,qduffetz@buzzfeed.com,iRuYCZb1glt5,2002-05-22,false,Front-line next generation methodology
cmulles10,Caria Mulles,cmulles10@independent.co.uk,a6te3NM3,2008-08-04,true,Distributed dedicated encoding
kbaxstare11,Kenny Baxstare,kbaxstare11@hud.gov,FBRMHXOvQe,1987-09-29,false,Universal real-time customer loyalty
mwillatt12,Myer Willatt,mwillatt12@adobe.com,zP28CbZ,2000-03-08,false,Adaptive intangible challenge
nskones13,Nicolais Skones,nskones13@yellowpages.com,RdTa0aR7,1991-08-02,false,Fundamental client-driven definition
dstevings14,Devora Stevings,dstevings14@slideshare.net,7yJUn99p,2003-03-01,true,Future-proofed tertiary flexibility
cservante15,Creight Servante,cservante15@nasa.gov,xfIExuY,1984-12-08,true,Cross-group context-sensitive productivity
sruberry16,Sebastian Ruberry,sruberry16@themeforest.net,UkGBWhH,1970-01-18,false,Reactive radical circuit
jdonnellan17,Jules Donnellan,jdonnellan17@amazon.de,3OulWW,2001-05-06,false,User-centric global benchmark
sbye18,Sallee Bye,sbye18@skype.com,Jm4cLAYe3bph,1987-02-08,false,Multi-layered methodical approach
mgallimore19,Maddy Gallimore,mgallimore19@bloglines.com,qYgq0vt4tOr0,1990-11-22,false,Optimized 5th generation matrix
tmatzen1a,Tammi Matzen,tmatzen1a@washington.edu,0KDAhk,1981-08-06,false,Innovative dynamic archive
hfishbie1b,Had Fishbie,hfishbie1b@marketwatch.com,Tz97fsl6,1972-02-03,true,Universal zero defect Graphic Interface
toleahy1c,Tim O'Leahy,toleahy1c@360.cn,hq0ThPazNA,2005-04-28,true,Down-sized client-server attitude
agoodlet1d,Augy Goodlet,agoodlet1d@ft.com,sdpx3GTlSDH,2004-02-17,false,Seamless disintermediate secured line
fcapstake1e,Florella Capstake,fcapstake1e@ebay.co.uk,Tggyi5rq,1990-06-25,true,Enterprise-wide dedicated matrix
gbaynom1f,Gaylene Baynom,gbaynom1f@comcast.net,zZwyyGGRLxy,2005-10-24,true,Public-key 24/7 standardization
lholtum1g,Linea Holtum,lholtum1g@prlog.org,Io5a0hlG3W,2006-06-13,true,Exclusive local framework
rgreenley1h,Randee Greenley,rgreenley1h@oaic.gov.au,2TdFTm23lI,1971-01-14,false,Centralized intermediate neural-net
dstonbridge1i,Daphna Stonbridge,dstonbridge1i@berkeley.edu,k1dtu5FT6,2002-10-21,false,Distributed encompassing monitoring
abrussell1j,Abeu Brussell,abrussell1j@dyndns.org,R6SLY51YKfO,1988-07-14,false,Centralized intermediate implementation
ocuttelar1k,Osbourne Cuttelar,ocuttelar1k@bizjournals.com,beboHSgSje8,1997-10-03,true,Pre-emptive even-keeled alliance
mholmyard1l,Mavra Holmyard,mholmyard1l@netvibes.com,yU2nmgx2fn,2004-08-02,true,Quality-focused didactic local area network
vkirby1m,Vina Kirby,vkirby1m@economist.com,hRcSHqVsdWO,1998-08-10,false,Multi-channelled foreground implementation
egilyatt1n,Ellie Gilyatt,egilyatt1n@admin.ch,BdCmQeF0Q,2004-11-01,false,Switchable dynamic hub
jblees1o,Jamill Blees,jblees1o@archive.org,cb1U4Z,1981-06-01,false,Extended intermediate Graphic Interface
vbuddell1p,Vic Buddell,vbuddell1p@friendfeed.com,RjOZUJjl,1973-07-30,true,Adaptive asynchronous conglomeration
rtarbett1q,Rick Tarbett,rtarbett1q@redcross.org,KU1lpPRN,1981-09-14,true,Balanced logistical instruction set
vhankinson1r,Virge Hankinson,vhankinson1r@github.com,mkOla9,2009-09-05,true,Upgradable motivating implementation
ysullly1s,Yoshi Sullly,ysullly1s@histats.com,tDZEboE,2006-08-14,true,Open-architected multimedia installation
ggowler1t,Garth Gowler,ggowler1t@flickr.com,K1P7ozgJJ,1973-04-12,true,Streamlined client-driven complexity
ckillby1u,Catarina Killby,ckillby1u@fda.gov,hx3L2MLMa,1981-12-17,true,Right-sized system-worthy secured line
joneill1v,Joellyn Oneill,joneill1v@va.gov,fnC5Qs,1976-11-26,false,Multi-lateral responsive matrix
nbownde1w,Netti Bownde,nbownde1w@amazon.co.jp,EIyGbtbmTSQx,1991-01-17,false,Stand-alone cohesive superstructure
bseaborn1x,Bennett Seaborn,bseaborn1x@example.com,KKd1khx0uZxq,2002-11-22,true,Cross-platform systematic info-mediaries
qbjerkan1y,Queenie Bjerkan,qbjerkan1y@lycos.com,3nxtBgwUkwfx,2008-09-22,false,Cloned interactive capability
mhanne1z,Marina Hanne,mhanne1z@webnode.com,ZK4kHvZV1A,1980-05-12,true,Managed non-volatile initiative
wpolsin20,Winnie Polsin,wpolsin20@nhs.uk,oLeOAz0v,2007-01-06,true,Pre-emptive bandwidth-monitored local area network
ble21,Braden Le Ball,ble21@pinterest.com,Vgzikw6Y,1994-10-14,false,Phased regional artificial intelligence
ispollen22,Inglebert Spollen,ispollen22@paginegialle.it,cw0K6i,1998-01-23,true,Expanded human-resource database
gvalti23,Gunilla Valti,gvalti23@uol.com.br,NgNxQKCxS,1972-04-27,false,Managed national analyzer
mcowap24,Maison Cowap,mcowap24@squarespace.com,Wuad6Bh,2001-05-13,true,Fundamental full-range time-frame
rshevelin25,Reynard Shevelin,rshevelin25@ow.ly,c8OeEu1dvBqx,1994-02-04,true,Programmable full-range time-frame
dluten26,Dinnie Luten,dluten26@biglobe.ne.jp,KUlMD9iCLr,1979-04-06,false,Digitized optimizing core
okedge27,Orelia Kedge,okedge27@sourceforge.net,vCeQUQ27,1981-03-28,true,User-friendly coherent infrastructure
dnevison28,Debbi Nevison,dnevison28@harvard.edu,2Zoc4Uo6fC8u,1992-01-04,false,Persevering coherent attitude
hossulton29,Hunt Ossulton,hossulton29@whitehouse.gov,rbvIlayb3Wi,1989-11-16,false,Devolved asynchronous intranet
yoloinn2a,Yancy O'Loinn,yoloinn2a@opensource.org,ArdVM3R,2005-06-27,true,Seamless eco-centric attitude
pkeyson2b,Papagena Keyson,pkeyson2b@archive.org,01qASXYc1z8,1981-07-30,false,Proactive zero tolerance software
mhallard2c,Myrtie Hallard,mhallard2c@va.gov,4w6GD5kK,1994-04-18,false,Configurable static alliance
rfullylove2d,Roderic Fullylove,rfullylove2d@ftc.gov,NqfnIilED,2003-01-07,false,Operative multi-state help-desk
hbenitti2e,Humfrid Benitti,hbenitti2e@si.edu,CXyyfgIhntAh,1977-08-16,false,Innovative background customer loyalty
ktouson2f,Kerry Touson,ktouson2f@sciencedirect.com,tOgODmo,1995-02-11,true,Multi-tiered upward-trending application
dkarpinski2g,Donovan Karpinski,dkarpinski2g@deliciousdays.com,bqx3r0d7r,2005-01-05,false,Adaptive local knowledge user
sfluin2h,Sibyl Fluin,sfluin2h@chronoengine.com,9APfFdJO,2005-05-14,true,Extended encompassing process improvement
lmabbs2i,Lurleen Mabbs,lmabbs2i@rediff.com,d8VsqUnojQ,1973-08-18,false,Seamless regional concept
broyste2j,Brody Royste,broyste2j@yellowpages.com,3GqEJFJSjp,2009-10-05,false,Sharable web-enabled encoding
sbattaille2k,Sammy Battaille,sbattaille2k@constantcontact.com,RwolaDkv9,1993-12-29,false,Mandatory multi-state benchmark
kscouller2l,Kennedy Scouller,kscouller2l@forbes.com,g8r9Z4XA,1997-01-08,true,Function-based real-time hierarchy
wyurenin2m,Welby Yurenin,wyurenin2m@flickr.com,g5CF98Ia,1972-01-24,false,Focused fresh-thinking Graphical User Interface
gsheber2n,Gherardo Sheber,gsheber2n@statcounter.com,qQ738o,2004-07-14,false,Public-key transitional circuit
fmaldin2o,Fredek Maldin,fmaldin2o@amazonaws.com,Hnw8G4owOdam,1994-09-24,true,Fundamental grid-enabled toolset
cbenois2p,Cullan Benois,cbenois2p@newsvine.com,GyaNzX1u,1994-05-08,false,Fully-configurable systemic utilisation
kvan2q,Kendall Van Driel,kvan2q@springer.com,MteQ2kAlC,1994-09-07,true,Robust mobile hierarchy
abinnell2r,Allina Binnell,abinnell2r@dmoz.org,iBhvO76eOb,1992-04-06,false,Configurable global Graphical User Interface
fpeatheyjohns2s,Frans Peatheyjohns,fpeatheyjohns2s@tripadvisor.com,0Y41GGR,1983-03-13,false,Inverse client-server service-desk
thoff2t,Tabitha Hoff,thoff2t@newsvine.com,JHTX51VuKK,1998-08-28,false,Implemented explicit portal
rkopps2u,Rina Kopps,rkopps2u@nyu.edu,xycQoPy0ICg,1991-04-20,false,Assimilated client-server neural-net
lhydechambers2v,Lukas Hyde-Chambers,lhydechambers2v@dedecms.com,CoHYN6q,1992-07-03,true,Business-focused eco-centric algorithm
lluce2w,Laina Luce,lluce2w@pagesperso-orange.fr,1bqfvzT,2001-12-04,false,Team-oriented well-modulated knowledge base
dwetherill2x,Duky Wetherill,dwetherill2x@amazon.com,zJ9mkYq,2010-03-14,false,Inverse radical policy
semeline2y,Sena Emeline,semeline2y@loc.gov,0MHUFto7Kvf,1971-02-11,false,Reverse-engineered next generation ability
ablackbrough2z,Arleen Blackbrough,ablackbrough2z@who.int,7YJsdARUQB,1983-09-06,false,Focused 6th generation Graphical User Interface
rolunny30,Rutger O'Lunny,rolunny30@ycombinator.com,lbSA3Pqo,1983-05-01,false,Diverse user-facing instruction set
smacek31,Shell Macek,smacek31@gravatar.com,QpGwPd4x9Da,1975-09-13,false,Stand-alone demand-driven complexity
athaxton32,Ayn Thaxton,athaxton32@berkeley.edu,lV5m9efhc,1992-06-28,true,Centralized transitional matrix
backrill33,Barnie Ackrill,backrill33@hud.gov,DUh625PM,1996-09-14,true,Automated intangible focus group
cwindham34,Clarke Windham,cwindham34@usa.gov,vWjdaArlzuA,1988-05-31,false,Customer-focused upward-trending analyzer
wdeverson35,Waldemar Deverson,wdeverson35@bloglovin.com,MH1sPwC6Xq,2000-10-06,true,Fundamental 3rd generation system engine
anertney36,Antonella Nertney,anertney36@nytimes.com,VRgZT8kpNgN,1972-02-25,false,Implemented didactic collaboration
hkeedy37,Hammad Keedy,hkeedy37@blog.com,Xs4kJW,2001-06-29,false,Diverse secondary process improvement
rshevels38,Ruby Shevels,rshevels38@hp.com,RnKljqiul,2000-09-27,false,Proactive tertiary success
lhimsworth39,Lindsey Himsworth,lhimsworth39@reference.com,02pziA,1972-06-01,false,Open-source reciprocal superstructure
rcourtin3a,Rosy Courtin,rcourtin3a@ebay.co.uk,jPzhMZA4bk,1975-11-01,false,Customizable discrete groupware
kmcguffie3b,Kent McGuffie,kmcguffie3b@virginia.edu,N9o5F0,1973-06-14,true,Re-contextualized cohesive analyzer
nmackerness3c,Niels Mackerness,nmackerness3c@zdnet.com,ipXpR4XlZLXV,1994-01-09,false,Public-key web-enabled website
ghumbey3d,Gerhardt Humbey,ghumbey3d@aol.com,CXsggQvVwize,1996-08-04,false,Open-architected leading edge interface
fputterill3e,Flo Putterill,fputterill3e@epa.gov,Pe910odO8,1992-01-31,true,Digitized coherent application
hescreet3f,Herrick Escreet,hescreet3f@opensource.org,GrYgPdR9VkjW,1987-04-10,false,User-friendly next generation protocol
mnoakes3g,Mathian Noakes,mnoakes3g@utexas.edu,7IeFviMW2pg,1976-06-26,false,Business-focused 24/7 knowledge user
agosswell3h,Aura Gosswell,agosswell3h@irs.gov,Bbipdzu,2010-03-28,false,Exclusive zero tolerance capability
wwoodger3i,Waylen Woodger,wwoodger3i@wiley.com,KonaPQR,1975-12-28,true,Virtual asynchronous product
cchristiensen3j,Casie Christiensen,cchristiensen3j@reverbnation.com,IFE7hFYH,2006-06-09,false,Profound fresh-thinking hub
dconechie3k,Dicky Conechie,dconechie3k@cbc.ca,rHTvFcPmHV,1986-11-22,true,Optimized even-keeled algorithm
mclacson3l,Margaux Clacson,mclacson3l@nationalgeographic.com,WxZtl1dC,2006-02-01,false,Reactive 24/7 info-mediaries
lhumphris3m,Letti Humphris,lhumphris3m@freewebs.com,WiDv3BQ,1972-06-24,false,Intuitive fault-tolerant productivity
rkuscha3n,Rosella Kuscha,rkuscha3n@mtv.com,gTYrev,1998-08-14,true,Persistent upward-trending migration
gwinspur3o,Gussy Winspur,gwinspur3o@cyberchimps.com,K0PKAo2,2007-06-15,true,Reactive analyzing moderator
spurbrick3p,Sondra Purbrick,spurbrick3p@ihg.com,qxFCFwZEXm,2001-07-01,true,Vision-oriented attitude-oriented architecture
dmountain3q,Del Mountain,dmountain3q@google.com.hk,rvdgjhP,1983-03-06,true,Compatible foreground analyzer
nheephy3r,Ned Heephy,nheephy3r@mayoclinic.com,ON6tCS,1977-03-24,false,Integrated reciprocal implementation
chuscroft3s,Clyde Huscroft,chuscroft3s@nasa.gov,4jIlbG4qu,1979-11-19,false,Persistent local service-desk
nkevlin3t,Nora Kevlin,nkevlin3t@goo.ne.jp,XmVLk93,2003-02-07,true,Monitored responsive instruction set
fshearn3u,Fraze Shearn,fshearn3u@usatoday.com,KC7uztos,1996-01-04,false,Adaptive zero administration system engine
itomaino3v,Iona Tomaino,itomaino3v@techcrunch.com,ynNF6JsmPSzR,1992-05-18,true,Total systematic strategy
cdiego3w,Corette Diego,cdiego3w@twitter.com,h4zjCp5Hb,2001-02-27,false,Persevering dedicated analyzer
bdemongeot3x,Buffy Demongeot,bdemongeot3x@zimbio.com,6wE8kD,1987-10-18,false,Phased full-range open system
fkusick3y,Friederike Kusick,fkusick3y@blogtalkradio.com,fmjjnyPsZ5s,2006-08-12,true,Open-architected directional function
cseabright3z,Calley Seabright,cseabright3z@about.me,dtiAXvh5Klx,1998-10-31,true,Exclusive next generation installation
pfullbrook40,Parry Fullbrook,pfullbrook40@theguardian.com,z9pD5EK2,1984-04-19,true,Integrated contextually-based frame
boxbrough41,Barry Oxbrough,boxbrough41@nih.gov,CBVjdhR,1985-07-08,false,Progressive well-modulated protocol
nmaidstone42,Nevin Maidstone,nmaidstone42@army.mil,Z4ndcgaFV,2002-09-21,false,Polarised next generation firmware
kissit43,Kris Issit,kissit43@mysql.com,a5walH,1978-05-10,true,Assimilated logistical task-force
rsivyer44,Reginauld Sivyer,rsivyer44@gizmodo.com,cVoXmIf,2000-02-24,true,Assimilated stable strategy
cmccoole45,Claudia McCoole,cmccoole45@intel.com,4psw4ePDqQ,1980-03-28,false,Diverse bi-directional data-warehouse
dyes46,Dallon Yes,dyes46@amazon.com,GwbmDLEh7,1972-02-28,false,Optimized explicit approach
gpickavance47,Gerrie Pickavance,gpickavance47@sphinn.com,7EdbmVbLvzQ,2001-12-30,false,Universal reciprocal contingency
ffarrance48,Florette Farrance,ffarrance48@wsj.com,xHCFvh,2003-04-04,true,Public-key dedicated hierarchy
ccorneljes49,Christie Corneljes,ccorneljes49@addthis.com,MbGHKBSeCpsy,1973-10-15,false,Intuitive empowering adapter
jpethybridge4a,Jase Pethybridge,jpethybridge4a@paypal.com,3h3uZJOxKZ,1981-09-10,false,Digitized bottom-line success
mlamball4b,Maria Lamball,mlamball4b@dyndns.org,g3GNWaq1Yq2I,1993-06-08,false,Balanced exuding algorithm
jmacilwrick4c,Johnny MacIlwrick,jmacilwrick4c@ycombinator.com,xxxrHnPQGn1,1988-09-29,false,Monitored client-server project
gbracher4d,Georgette Bracher,gbracher4d@cbc.ca,WEoAI2Jy4,1987-02-16,false,Devolved dedicated extranet
lburnsyde4e,Lulu Burnsyde,lburnsyde4e@quantcast.com,PaB26Iw,1983-12-27,false,Profound national website
cmemmory4f,Caria Memmory,cmemmory4f@wikia.com,kwBFpjJ9tDx,1976-05-26,true,Self-enabling actuating moderator
gboullen4g,Gaston Boullen,gboullen4g@shutterfly.com,NcHaANxOR8UP,1999-01-11,true,Automated coherent neural-net
rbumphrey4h,Rawley Bumphrey,rbumphrey4h@wunderground.com,pYcAQl,1994-01-24,true,Sharable 24/7 throughput
vvan4i,Vivi Van der Velde,vvan4i@acquirethisname.com,yWwGeLmuy4Z,1995-01-27,false,Right-sized multimedia Graphical User Interface
jmayes4j,Jerrine Mayes,jmayes4j@princeton.edu,gzWxjiwpF2m,1972-02-14,true,Devolved solution-oriented software
gstandeven4k,Guy Standeven,gstandeven4k@tripadvisor.com,jwAS7RQj,1976-12-14,false,Implemented modular benchmark
pveelers4l,Priscella Veelers,pveelers4l@msn.com,zueptUQ7H,1973-07-30,false,Re-contextualized secondary initiative
mthursby4m,Micheal Thursby,mthursby4m@reverbnation.com,RHJfWJyaXo,1990-02-12,true,Customizable 24 hour encoding
bfisher4n,Bert Fisher,bfisher4n@comcast.net,FWtK3Thcom,1994-07-28,true,Sharable 6th generation utilisation
cpucker4o,Celeste Pucker,cpucker4o@mashable.com,aiL2GjCcrG,1993-11-28,true,Persevering client-server superstructure
oaskwith4p,Odie Askwith,oaskwith4p@nhs.uk,vxoVBv,1986-06-17,true,Proactive actuating benchmark
rgallone4q,Reeba Gallone,rgallone4q@yolasite.com,DegaQLcEfNIO,1985-03-21,false,Balanced incremental paradigm
amcilwaine4r,Abbie McIlwaine,amcilwaine4r@about.me,LHw2VBkPFv,1999-08-06,false,Public-key solution-oriented open system
fsyde4s,Flossi Syde,fsyde4s@vistaprint.com,M3xLHo,1978-03-06,true,Organized stable functionalities
sbrooksbie4t,Scarlet Brooksbie,sbrooksbie4t@vinaora.com,7fcwyckLTX,1984-07-29,true,Robust 3rd generation structure
kepton4u,Kristina Epton,kepton4u@gmpg.org,rFiqgowDW,2007-06-03,true,Optimized systemic projection
dsloegrave4v,Deana Sloegrave,dsloegrave4v@ezinearticles.com,XUmV7It,1992-05-27,true,Front-line composite database
kgranleese4w,Ketti Granleese,kgranleese4w@cmu.edu,A31AZkNZ,2004-01-08,true,Multi-tiered executive service-desk
ngaither4x,Neel Gaither,ngaither4x@google.co.jp,gJfKAJDdmuG,1978-07-05,true,Multi-tiered responsive internet solution
mbuglass4y,Marylynne Buglass,mbuglass4y@alibaba.com,Q5TdsNrKBCyR,2010-04-27,true,Inverse upward-trending contingency
tmaker4z,Tami Maker,tmaker4z@blog.com,WcRIxZir,2003-10-02,false,Operative clear-thinking instruction set
ggyorgy50,Greta Gyorgy,ggyorgy50@github.io,uKDrWsafri3D,2009-10-01,false,Public-key upward-trending artificial intelligence
whaibel51,Westbrook Haibel,whaibel51@fema.gov,xidXewLp6ACZ,2000-08-15,false,Focused full-range structure
cduval52,Chanda Duval,cduval52@narod.ru,Ae5WfCo,1976-09-16,true,Enterprise-wide fresh-thinking Graphic Interface
ktregian53,Kevin Tregian,ktregian53@zimbio.com,apK6CAhlM,1977-10-31,true,Cross-platform optimizing encryption
agiacubo54,Amalia Giacubo,agiacubo54@privacy.gov.au,mWs9280Pf3,2003-11-15,true,Organized asynchronous open architecture
dbardell55,Dylan Bardell,dbardell55@godaddy.com,Rgv9CuF,1979-12-17,true,Assimilated bi-directional projection
dludgate56,Daphene Ludgate,dludgate56@amazon.de,ke6uNyDLb6n,2006-02-19,false,Reduced eco-centric access
djovovic57,Dacia Jovovic,djovovic57@skyrock.com,Tul7UjSwGo,1994-03-04,true,Profound human-resource support
dbartaloni58,Daryl Bartaloni,dbartaloni58@vkontakte.ru,BTkaeat,1995-08-22,false,Sharable regional data-warehouse
dbraunlein59,Dorian Braunlein,dbraunlein59@biblegateway.com,Hj1rhZ,1978-08-28,false,Re-engineered fresh-thinking projection
causting5a,Cristal Austing,causting5a@devhub.com,M6vNRskTzCC,1997-03-25,false,Multi-tiered uniform throughput
iwink5b,Ira Wink,iwink5b@icq.com,03gAFlLSW,1991-07-01,false,Devolved regional architecture
thansell5c,Truman Hansell,thansell5c@ebay.co.uk,QJRaXQQ,1995-10-22,false,Adaptive clear-thinking customer loyalty
mfaunch5d,Marissa Faunch,mfaunch5d@vimeo.com,zcVSPWtWie8b,1987-07-23,true,Fundamental methodical structure
dgallegos5e,Danyelle Gallegos,dgallegos5e@loc.gov,JsuBALGTY,1972-03-07,true,Synergized value-added website
flente5f,Ferdinande Lente,flente5f@xinhuanet.com,LkiARQ369K,1983-05-21,true,Re-engineered coherent focus group
callcott5g,Cully Allcott,callcott5g@independent.co.uk,XPvEuIa8Gex,1976-01-01,false,Persistent homogeneous capability
vpiquard5h,Valentino Piquard,vpiquard5h@imgur.com,0ItWnef,2009-07-14,true,Operative uniform moderator
braveau5i,Breanne Raveau,braveau5i@latimes.com,sZVtuSEzW353,1989-08-04,false,Focused modular policy
gdelooze5j,Gayelord Delooze,gdelooze5j@utexas.edu,VNrfQF,2008-03-07,true,Secured bi-directional portal
kmettericke5k,Kata Mettericke,kmettericke5k@cyberchimps.com,b8OyaAd6vV5h,1973-02-22,false,Object-based global success
tlowings5l,Therine Lowings,tlowings5l@google.fr,BGznowEep,1972-02-16,false,Assimilated stable archive
wblaver5m,Willamina Blaver,wblaver5m@nih.gov,5zjntY,1999-12-05,false,Digitized multi-tasking array
nvickars5n,Nikita Vickars,nvickars5n@addtoany.com,vYQfdI,1996-04-09,false,De-engineered high-level archive
sclethro5o,Shell Clethro,sclethro5o@amazon.co.uk,ZiQLJV,1978-11-26,false,Multi-channelled secondary local area network
hsherland5p,Hurlee Sherland,hsherland5p@ted.com,DQm5CIp5,1989-08-15,true,Pre-emptive high-level local area network
hjope5q,Haroun Jope,hjope5q@webnode.com,uox9qB,1987-03-12,true,Multi-layered cohesive utilisation
pveljes5r,Pietro Veljes,pveljes5r@gnu.org,EaF5HiPnv9uX,1985-02-19,true,Optimized client-server moratorium
tdetoc5s,Thomasina Detoc,tdetoc5s@sun.com,VC4wmKbGgG,1992-05-22,true,Intuitive composite challenge
kmilkin5t,Kris Milkin,kmilkin5t@dagondesign.com,8IhWe4wjLg,1973-04-29,false,Public-key explicit database
lgossage5u,Lilian Gossage,lgossage5u@cam.ac.uk,TyLjhJPtvdSN,1976-05-27,true,Enhanced solution-oriented budgetary management
cleggate5v,Carolina Leggate,cleggate5v@earthlink.net,EQaV1U3,2003-02-01,true,Customizable attitude-oriented matrix
fclendinning5w,Ferrell Clendinning,fclendinning5w@pen.io,osRnOYsFh,1976-06-17,false,Open-source radical circuit
vvasiliev5x,Valeria Vasiliev,vvasiliev5x@cornell.edu,wLOlrN5CKl,2008-05-18,true,Synergistic dynamic methodology
bkilrow5y,Brendon Kilrow,bkilrow5y@icq.com,GQ0ENNAFwhTh,1986-01-25,true,Function-based multi-tasking toolset
bbracer5z,Babette Bracer,bbracer5z@slate.com,Qss9cLxY,2005-03-18,true,Reduced attitude-oriented internet solution
vdarbyshire60,Vonni Darbyshire,vdarbyshire60@meetup.com,0oZmYikZe,1975-01-24,false,Devolved multi-tasking conglomeration
wyanin61,Winfred Yanin,wyanin61@yandex.ru,oxfPzf6hI,1988-06-13,true,Integrated client-server matrix
ytruran62,Yoshi Truran,ytruran62@mtv.com,0qcvYQLTTsj1,1978-12-22,false,Profit-focused dedicated toolset
bdolphin63,Berkley Dolphin,bdolphin63@privacy.gov.au,l94Rnz,1983-09-30,true,Innovative interactive core
bcanario64,Betsey Canario,bcanario64@tumblr.com,YRp34N3rffI,1975-03-22,true,Diverse user-facing focus group
cabbati65,Clarine Abbati,cabbati65@nydailynews.com,ixv8Re5M,1984-09-13,false,Digitized actuating workforce
gdomican66,Gina Domican,gdomican66@ask.com,VFnVGLmT,1977-03-28,true,Enterprise-wide stable secured line
tpaprotny67,Therine Paprotny,tpaprotny67@about.com,cpBEJ11O3UsS,2007-04-25,false,Monitored upward-trending utilisation
klennarde68,Kelsy Lennarde,klennarde68@mozilla.com,6VPwmx,1973-04-17,false,Quality-focused hybrid emulation
ftubby69,Fernanda Tubby,ftubby69@webnode.com,mhCQcW,2000-03-27,false,Organic object-oriented concept
alowrance6a,Anastassia Lowrance,alowrance6a@qq.com,64z6BeU79cjt,1971-04-23,false,Optimized value-added firmware
rhallas6b,Rici Hallas,rhallas6b@dailymotion.com,8UY1Nr,1995-06-25,true,Programmable object-oriented circuit
wellson6c,Waite Ellson,wellson6c@wordpress.com,NlN1mPKim1Vt,1987-05-10,true,Stand-alone tangible customer loyalty
ryarranton6d,Rustin Yarranton,ryarranton6d@cdbaby.com,f1SaKmi,2001-11-21,false,Progressive neutral benchmark
jadame6e,Jacklin Adame,jadame6e@msu.edu,VvfclCer,1997-11-23,false,Robust local frame
gsellan6f,Giffie Sellan,gsellan6f@e-recht24.de,ibthYMLmDGi7,1993-10-11,true,Managed incremental installation
mvautrey6g,Maddie Vautrey,mvautrey6g@miibeian.gov.cn,EB3PIGr,1984-07-05,false,Exclusive zero administration structure
fbearward6h,Flo Bearward,fbearward6h@mysql.com,SjqZcAPnTPc5,1995-06-19,false,Exclusive 4th generation framework
djoutapaitis6i,Dew Joutapaitis,djoutapaitis6i@shinystat.com,cQbnWKnM,1985-06-21,false,Team-oriented bandwidth-monitored function
ldraycott6j,Lana Draycott,ldraycott6j@abc.net.au,NhqryBnV,2007-09-02,false,Fundamental multi-tasking alliance
jtanser6k,Jephthah Tanser,jtanser6k@list-manage.com,PNkQjqQo,1977-01-30,true,Synchronised 4th generation flexibility
apainswick6l,Auria Painswick,apainswick6l@a8.net,iyRDlCyL8PI,1980-06-13,false,Face to face national info-mediaries
ltue6m,Liliane Tue,ltue6m@linkedin.com,eAGcfkm,1983-06-15,false,Managed asymmetric local area network
ast6n,Alan St Leger,ast6n@etsy.com,BN9HKqzzizG,2006-06-14,false,User-centric non-volatile utilisation
sseaward6o,Sada Seaward,sseaward6o@tripod.com,WEKCmR0wDk,1994-04-16,false,Innovative cohesive standardization
csquibbs6p,Chauncey Squibbs,csquibbs6p@skype.com,MxcwUunbm,1974-11-05,true,Synchronised zero tolerance orchestration
idarthe6q,Isidro Darthe,idarthe6q@dot.gov,6tpjj7iUo,2005-04-12,false,Down-sized coherent migration
imaletratt6r,Ingeborg Maletratt,imaletratt6r@phoca.cz,eMRskoM7L,1979-09-14,false,Pre-emptive radical neural-net
rconcklin6s,Rosanna Concklin,rconcklin6s@shareasale.com,W2i43hkSq18D,2007-03-30,true,Networked methodical concept
chussell6t,Catrina Hussell,chussell6t@census.gov,t5EZRi5g8Q84,2001-01-08,true,Innovative even-keeled system engine
dbramer6u,Daven Bramer,dbramer6u@mit.edu,SlU9PpiJHQBV,1998-05-25,true,Organic mobile database
stitchard6v,Susann Titchard,stitchard6v@unblog.fr,3Brb0JGW,1977-12-07,true,Virtual contextually-based website
jtabourier6w,Jarvis Tabourier,jtabourier6w@gmpg.org,TUBRey4,1989-05-09,true,Decentralized incremental data-warehouse
crickeard6x,Carey Rickeard,crickeard6x@wiley.com,FEH7TvH2oAll,1985-07-11,false,Decentralized directional instruction set
mhamlen6y,Mariellen Hamlen,mhamlen6y@marketwatch.com,Ejr6VORvJk,2002-03-30,false,Enterprise-wide intermediate protocol
mkinde6z,Matti Kinde,mkinde6z@nsw.gov.au,PuiA1dgXzG,1991-02-13,true,Team-oriented modular portal
twasson70,Tessa Wasson,twasson70@desdev.cn,84wPihk,1991-01-23,true,Reverse-engineered intermediate task-force
ggaythor71,Garth Gaythor,ggaythor71@theatlantic.com,nR77xhRXG,1977-08-09,true,Public-key high-level system engine
cpoint72,Carine Point,cpoint72@about.com,9TJgXI9E,1989-05-18,false,Visionary disintermediate challenge
awood73,Albertine Wood,awood73@ustream.tv,zl7PaPKaH,1981-07-27,true,Secured motivating instruction set
smacquist74,Scotti MacQuist,smacquist74@bloglovin.com,VBVDsaW,1974-08-19,true,Assimilated value-added product
tmckinney75,Tommy McKinney,tmckinney75@domainmarket.com,3gryMt,1999-05-07,false,Exclusive clear-thinking portal
hbartleet76,Harland Bartleet,hbartleet76@livejournal.com,32o9w4j,1985-08-01,false,Multi-channelled logistical matrix
mwolfit77,Monroe Wolfit,mwolfit77@rediff.com,Hs2sQl,1997-12-14,false,Customizable upward-trending service-desk
mamiss78,Madelle Amiss,mamiss78@addtoany.com,JzyHIxXqr,1990-02-17,true,Face to face client-server flexibility
mmingame79,Mignonne Mingame,mmingame79@ebay.co.uk,7HJaQ6,2004-02-05,true,Compatible asymmetric info-mediaries
oscholcroft7a,Olympia Scholcroft,oscholcroft7a@webnode.com,IoT0ahmoLG2S,1991-10-27,false,Persevering 3rd generation model
aalbone7b,Alleen Albone,aalbone7b@mit.edu,koHpXdxlt,1992-10-07,false,Horizontal context-sensitive leverage
lstockhill7c,Lola Stockhill,lstockhill7c@tinypic.com,i39HJaGs,2008-05-21,true,Future-proofed stable implementation
kcooksey7d,Karlotte Cooksey,kcooksey7d@themeforest.net,8E57QB0,1979-09-19,true,Cross-platform context-sensitive capability
lcarne7e,Lettie Carne,lcarne7e@wikimedia.org,MTmxoX,2001-01-03,false,Reverse-engineered well-modulated time-frame
clightollers7f,Celinka Lightollers,clightollers7f@independent.co.uk,GgeXwzRX,2004-06-20,false,Managed empowering attitude
apfiffer7g,Ailbert Pfiffer,apfiffer7g@hibu.com,pajDHSvTXyT,1978-03-25,false,Assimilated empowering time-frame
kfeake7h,Kellyann Feake,kfeake7h@livejournal.com,g6G5OeVH,2003-08-08,false,Digitized context-sensitive flexibility
hbrawn7i,Harman Brawn,hbrawn7i@google.com.br,UYPYKzVtB,1971-08-16,false,Organic dedicated algorithm
rsommerled7j,Rachel Sommerled,rsommerled7j@umich.edu,FAVlr9TD,1978-01-07,false,Operative logistical installation
jtromans7k,Joseph Tromans,jtromans7k@instagram.com,dmrsbMXO,1997-07-08,true,Customer-focused leading edge internet solution
sirving7l,Sibelle Irving,sirving7l@latimes.com,3FE5rMavAYcr,1972-10-15,true,Proactive explicit complexity
eleavold7m,Emmalee Leavold,eleavold7m@live.com,brOlDIzo0M,1992-05-17,false,Reverse-engineered incremental archive
aedgin7n,Arlyne Edgin,aedgin7n@cbsnews.com,wkhlbqxMGv,1979-09-09,true,Profound context-sensitive Graphic Interface
jlefeaver7o,Jodi Lefeaver,jlefeaver7o@people.com.cn,mvLNkbs,2004-08-15,true,Open-architected incremental groupware
xskakunas7p,Xavier Skakunas,xskakunas7p@thetimes.co.uk,hKrdEkN2kA,2005-06-21,false,Upgradable methodical orchestration
astillgoe7q,Angelita Stillgoe,astillgoe7q@cnbc.com,UNXfRWyNsadD,1979-12-24,false,Self-enabling asynchronous superstructure
hrutland7r,Hubie Rutland,hrutland7r@nationalgeographic.com,7GoAne,1977-05-05,false,Inverse zero administration workforce
gklimmek7s,Gale Klimmek,gklimmek7s@angelfire.com,BvzHFvmNcXJ,1973-04-07,true,Fundamental fresh-thinking initiative
jbalcon7t,Jarib Balcon,jbalcon7t@wix.com,Q8aSV8o4HMQW,1983-12-20,true,Compatible well-modulated conglomeration
twinpenny7u,Thebault Winpenny,twinpenny7u@eepurl.com,t4LMp6Qoz,2006-04-07,false,Focused uniform frame
jghilardi7v,Josie Ghilardi,jghilardi7v@mapy.cz,k6mAy7Pojq,1977-10-07,false,Monitored local solution
ybarus7w,Yolane Barus,ybarus7w@paginegialle.it,bIuH7FLJhfz,1982-07-21,true,Compatible content-based standardization
astainson7x,Arabel Stainson,astainson7x@diigo.com,NibTv7se8z,1976-09-12,false,Centralized solution-oriented emulation
nshevlane7y,Nicolette Shevlane,nshevlane7y@jigsy.com,RxnSxHgeQU6,1995-05-20,true,Intuitive uniform projection
csterndale7z,Conant Sterndale,csterndale7z@topsy.com,vSCcei1,2004-07-02,true,Centralized intangible website
bborleace80,Boonie Borleace,bborleace80@scientificamerican.com,rQ1eAuXOu,1971-10-01,true,Fundamental clear-thinking knowledge user
amaccosty81,Ann MacCosty,amaccosty81@bbb.org,ClQTHZ8,2000-03-11,true,Digitized context-sensitive interface
ediment82,Evangeline Diment,ediment82@hatena.ne.jp,eIPLCACu2T,2001-01-12,false,Integrated homogeneous adapter
vjanew83,Virgie Janew,vjanew83@about.me,9X0pb3B,2000-04-09,true,Exclusive secondary toolset
rlackham84,Reine Lackham,rlackham84@harvard.edu,mm2Cy3TH58,1974-03-02,true,Re-engineered asynchronous projection
tlamcken85,Tracey Lamcken,tlamcken85@symantec.com,baBSy15pJ0,1982-11-02,false,Streamlined executive info-mediaries
bmccoole86,Bing McCoole,bmccoole86@cnbc.com,gtmRiokk3Pb,1977-10-30,false,Cloned disintermediate archive
rvasilic87,Russ Vasilic,rvasilic87@bloglovin.com,chZVoxm,1989-05-15,false,Multi-channelled motivating artificial intelligence
cduffree88,Cornelle Duffree,cduffree88@jugem.jp,atNm4EGaZoV,2002-03-12,false,Horizontal asynchronous Graphical User Interface
ejohns89,Ethelind Johns,ejohns89@amazon.co.uk,Ld6JdC1,1994-09-25,false,Reduced maximized pricing structure
bsieghard8a,Bone Sieghard,bsieghard8a@soundcloud.com,u0xiQ9M,1979-04-02,true,Synchronised dynamic open system
arodenburg8b,Alon Rodenburg,arodenburg8b@noaa.gov,UVremnXTMA7p,2004-11-03,false,Team-oriented dedicated solution
aduell8c,Arlena Duell,aduell8c@webeden.co.uk,ETRHyB,2005-10-13,true,Polarised scalable hierarchy
dwitt8d,De witt Wille,dwitt8d@cnet.com,sEei2MKZPea,2004-02-09,false,Adaptive 6th generation pricing structure
kiddiens8e,Koren Iddiens,kiddiens8e@icio.us,cqKk4PKab2UM,1972-11-09,false,Synergistic asymmetric monitoring
wwinskill8f,Wilfrid Winskill,wwinskill8f@bbc.co.uk,zabLBGI,1981-02-09,true,Sharable client-server algorithm
ialmeida8g,Ingrim Almeida,ialmeida8g@biblegateway.com,lANhNgWPb,1971-08-27,false,Digitized multimedia conglomeration
lramlot8h,Linnie Ramlot,lramlot8h@smh.com.au,1dqV8a1ErTAP,2003-04-28,false,Automated cohesive neural-net
mkillock8i,Malory Killock,mkillock8i@mayoclinic.com,8OWj9G,1999-07-03,false,Total mobile Graphical User Interface
amicklem8j,Anica Micklem,amicklem8j@time.com,PvaAKlX,1990-10-20,true,Decentralized demand-driven emulation
cwinward8k,Corny Winward,cwinward8k@howstuffworks.com,WjfPzhZxa,1985-02-20,true,Enterprise-wide well-modulated parallelism
saleksashin8l,Silva Aleksashin,saleksashin8l@mayoclinic.com,n86q09OKF,1971-04-22,false,Face to face tertiary algorithm
dshermore8m,Donetta Shermore,dshermore8m@ed.gov,DkUYNaocS,1988-09-25,true,Re-contextualized fresh-thinking productivity
edelahunt8n,Ermanno Delahunt,edelahunt8n@php.net,cquFFHL98,1990-02-10,false,Implemented optimal capability
ffyall8o,Fannie Fyall,ffyall8o@ucoz.com,xO15NBy,1977-04-08,false,Multi-tiered tertiary leverage
jodowling8p,Jacklin O'Dowling,jodowling8p@boston.com,OvTdbH,2009-05-25,false,Focused explicit knowledge user
icullimore8q,Iorgo Cullimore,icullimore8q@bigcartel.com,hD413nHN,1994-05-11,false,Intuitive hybrid emulation
cbortolomei8r,Claudius Bortolomei,cbortolomei8r@bloglovin.com,8wnCtH,1999-12-20,true,Switchable zero defect Graphic Interface
mwoolfenden8s,Mord Woolfenden,mwoolfenden8s@seattletimes.com,lLVQIH8TU,2007-01-12,true,Integrated 4th generation website
bbride8t,Boniface Bride,bbride8t@pen.io,1WpnS7fkMQjH,1973-06-29,false,Centralized bifurcated methodology
gstubbe8u,Gussie Stubbe,gstubbe8u@amazon.de,EBvQQSp,1970-09-01,true,Streamlined didactic neural-net
mcrosfeld8v,Mersey Crosfeld,mcrosfeld8v@ovh.net,hfIF4J8x,1999-06-11,true,Reactive bi-directional standardization
fsegge8w,Faydra Segge,fsegge8w@xinhuanet.com,dP5aJh521lC,1984-07-15,false,Synergistic methodical focus group
rkitchinghan8x,Rodolph Kitchinghan,rkitchinghan8x@oakley.com,5Q58Ut,1997-02-19,true,Automated secondary encoding
gpavluk8y,Gardiner Pavluk,gpavluk8y@foxnews.com,bP5S0aCego,2008-07-25,false,Decentralized 5th generation array
aprimett8z,Amalle Primett,aprimett8z@unblog.fr,6FnKkjsnJe,1983-09-03,true,Ameliorated fresh-thinking alliance
gblackborne90,Ginelle Blackborne,gblackborne90@unesco.org,sVMGM0Kz36h,1972-12-22,true,Devolved upward-trending adapter
sstaziker91,Sigismund Staziker,sstaziker91@hugedomains.com,Tdi5kc39Jj,1999-01-24,true,Seamless multi-state protocol
sciotto92,Sly Ciotto,sciotto92@devhub.com,aKAjL6NPU,1988-03-22,false,Assimilated 5th generation contingency
mroberds93,Mal Roberds,mroberds93@goodreads.com,UGwSHTvrKiFx,2003-10-18,false,Implemented logistical workforce
gkairns94,Grethel Kairns,gkairns94@ameblo.jp,otEcAR,2003-04-27,false,Sharable context-sensitive database
bheining95,Bebe Heining,bheining95@dailymotion.com,leDYLjRLYe,1992-10-17,false,Organized next generation function
lhouston96,Lydon Houston,lhouston96@comsenz.com,Pz8YIKUyW3e,1999-08-05,true,Profit-focused solution-oriented superstructure
gtebbs97,Gerta Tebbs,gtebbs97@dailymail.co.uk,Mz1YUKj,1977-04-02,false,Ergonomic systemic open system
tshrimplin98,Talyah Shrimplin,tshrimplin98@rakuten.co.jp,brDda1W,1981-05-14,true,Synergized composite model
orapp99,Olimpia Rapp,orapp99@intel.com,kBbqR1Y8LXGt,1974-09-23,false,Fundamental fault-tolerant data-warehouse
gmanson9a,Gerladina Manson,gmanson9a@hugedomains.com,6cjH1DwN8DKz,1988-10-26,true,Object-based encompassing utilisation
ttaverner9b,Terrell Taverner,ttaverner9b@deviantart.com,hMPNe0pMLn0w,1974-11-30,false,Down-sized interactive leverage
tyegorov9c,Trixie Yegorov,tyegorov9c@sciencedirect.com,1RxJhnc,2000-01-27,false,Enhanced content-based parallelism
krounding9d,Kaitlyn Rounding,krounding9d@addtoany.com,5EtUwYD,1999-10-15,false,Implemented responsive infrastructure
jobee9e,Judas Obee,jobee9e@ted.com,ktOt5VgiDO,2007-09-17,true,Networked fresh-thinking Graphic Interface
tsprason9f,Timothea Sprason,tsprason9f@utexas.edu,cHSRLTZe4,1980-06-30,false,Profound composite moderator
obrunton9g,Orion Brunton,obrunton9g@scientificamerican.com,fScnwl,1982-10-08,true,Secured uniform algorithm
ztunnacliffe9h,Zoe Tunnacliffe,ztunnacliffe9h@usatoday.com,3brc6xg9rfg,1973-11-17,true,Proactive zero tolerance emulation
cglendza9i,Clarke Glendza,cglendza9i@slashdot.org,H7s4SkHPYB,1981-07-18,true,Right-sized next generation contingency
lde9j,Lorianne de Broke,lde9j@vimeo.com,o20ZQaQT,1973-11-24,true,Extended modular service-desk
ejanuszewski9k,Ellswerth Januszewski,ejanuszewski9k@ebay.co.uk,dPcqsE6xJE97,1976-01-15,false,Streamlined content-based array
klisciardelli9l,Karina Lisciardelli,klisciardelli9l@diigo.com,EsU8sp5,1984-01-31,true,Re-contextualized holistic product
eklemke9m,Etti Klemke,eklemke9m@ask.com,r9XAxhyaW3,1995-01-30,true,Assimilated asynchronous structure
lstetson9n,Lurline Stetson,lstetson9n@pcworld.com,3rhKRMlXh,1974-08-14,false,Self-enabling multimedia initiative
erenwick9o,Eadmund Renwick,erenwick9o@yellowbook.com,GdIYLLnEr,1987-02-03,true,Assimilated reciprocal budgetary management
ameneo9p,Adeline Meneo,ameneo9p@ebay.co.uk,jEXGczUbIF0,1974-10-30,true,Profound composite knowledge base
wrubinfajn9q,Wit Rubinfajn,wrubinfajn9q@google.co.jp,QsnerV7Bg8,1975-07-12,true,Exclusive zero administration website
orizzello9r,Oralle Rizzello,orizzello9r@taobao.com,6x9eIqOatA,2000-03-23,false,Re-engineered 4th generation forecast
dalcock9s,Danya Alcock,dalcock9s@ucla.edu,DWj7VQe,2006-09-30,false,Automated interactive utilisation
ycaldayrou9t,Yorker Caldayrou,ycaldayrou9t@aol.com,eScEw1BZm,1973-10-06,true,Enhanced dedicated database
epoulton9u,Estrella Poulton,epoulton9u@clickbank.net,W05hZ0lDuYa,1976-06-06,true,Monitored fault-tolerant analyzer
nlangsbury9v,Newton Langsbury,nlangsbury9v@i2i.jp,8TrAiT7hVHp,1974-11-10,true,Realigned directional emulation
scovert9w,Stefania Covert,scovert9w@topsy.com,MlrrDpn,2005-07-12,false,Monitored reciprocal installation
clovett9x,Cyrus Lovett,clovett9x@tripod.com,7ny3sL4cp,2004-10-21,true,Self-enabling even-keeled workforce
mbradbeer9y,Meredith Bradbeer,mbradbeer9y@gravatar.com,b0hc1xnl,2003-12-15,false,Organized value-added attitude
glepper9z,Gal Lepper,glepper9z@japanpost.jp,34SLVMwmy,1991-12-04,true,Cloned executive emulation
bmougeota0,Benedicto Mougeot,bmougeota0@gnu.org,20cN2e1GHsn7,1994-04-13,true,Cross-platform tertiary projection
csueroa1,Cate Suero,csueroa1@mtv.com,DR60kOWIWv,1975-03-01,true,Switchable mission-critical productivity
pbeauchopa2,Peder Beauchop,pbeauchopa2@ehow.com,xhKbRHO,2006-09-27,false,Team-oriented human-resource encoding
ejenourea3,Elly Jenoure,ejenourea3@freewebs.com,KwmwJoqAe,1985-12-29,true,Extended 24/7 success
cmurgatroyda4,Corbin Murgatroyd,cmurgatroyda4@wsj.com,kfT4VllG0,1984-07-26,true,Mandatory human-resource function
ckelfa5,Cecily Kelf,ckelfa5@weebly.com,oQff2JXkX,1987-03-28,true,Organized even-keeled database
smckinneya6,Sheryl McKinney,smckinneya6@usnews.com,FArqXybAur,1988-08-18,false,Inverse next generation frame
ilocknera7,Issy Lockner,ilocknera7@amazon.co.uk,L31DktYRdTu,1980-04-15,true,Diverse scalable benchmark
sshuttea8,Sig Shutte,sshuttea8@symantec.com,9X3Jpl,1975-06-15,true,Proactive system-worthy software
jwatera9,Jaquenetta Water,jwatera9@hatena.ne.jp,KhqK1J,1997-01-09,true,Reactive non-volatile alliance
efarnanaa,Else Farnan,efarnanaa@pagesperso-orange.fr,kQRvyddclKCl,1985-03-25,true,Adaptive context-sensitive policy
tohearab,Thebault O'Hear,tohearab@sciencedaily.com,oq5m2v49,1990-06-02,true,Public-key impactful migration
msorsbyac,Millie Sorsby,msorsbyac@amazon.com,WP11qz64,1972-07-20,true,Triple-buffered secondary frame
gnetleyad,Gusella Netley,gnetleyad@freewebs.com,rkSqTSt9aC,1984-06-16,false,Business-focused value-added matrix
sbolinoae,Siusan Bolino,sbolinoae@hc360.com,UBRuEll,2007-09-24,true,Programmable disintermediate task-force
nnieldaf,Nerissa Nield,nnieldaf@wired.com,DvfrA50oC,1993-07-04,false,Ameliorated motivating analyzer
mmarrisag,Michael Marris,mmarrisag@reddit.com,rzGFWnNEM,1980-11-27,false,Team-oriented tertiary info-mediaries
tcleareah,Travus Cleare,tcleareah@examiner.com,pDkhnXEnlcMa,2001-01-08,true,Front-line scalable encoding
ffiveashai,Farrand Fiveash,ffiveashai@moonfruit.com,RfFkGcGGm0wd,1999-08-21,true,Total transitional Graphic Interface
fwhelanaj,Flossi Whelan,fwhelanaj@miibeian.gov.cn,mqS6MAxE7,2000-11-03,true,Automated incremental artificial intelligence
ealleburtonak,Evaleen Alleburton,ealleburtonak@arizona.edu,lcDptgMtM,1980-09-15,true,Persevering systematic paradigm
sskahillal,Sigismond Skahill,sskahillal@washington.edu,x3K8cohVOYR,1976-03-07,true,Persistent incremental algorithm
sdockrellam,Spenser Dockrell,sdockrellam@ow.ly,0ETOLG,1997-11-27,false,Re-contextualized asynchronous solution
emicheletan,Emmalynn Michelet,emicheletan@cbc.ca,x92ZSd6RAr,1981-02-07,false,Total systematic customer loyalty
kmurtao,Kalil Murt,kmurtao@scribd.com,iyrVOLv2cx,1974-04-30,true,Decentralized value-added synergy
ltackellap,Lionel Tackell,ltackellap@homestead.com,vnfjqJt109a,1989-11-19,true,Monitored responsive challenge
sromagosaaq,Seth Romagosa,sromagosaaq@live.com,ZuLuB3ny4,2003-04-17,true,Face to face homogeneous encryption
mconnopar,Marabel Connop,mconnopar@barnesandnoble.com,44JSkaBk9,1978-07-01,true,Streamlined regional circuit
svoiceas,Shannah Voice,svoiceas@twitpic.com,GUUklLK5TZ,2002-01-11,false,Re-contextualized context-sensitive knowledge base
edadamoat,Elsinore D'Adamo,edadamoat@weebly.com,MqX7s1L4,1982-05-06,true,Synergistic zero defect service-desk
phonnicottau,Pat Honnicott,phonnicottau@godaddy.com,cYcxsmdjFxGF,1970-02-21,false,Implemented bi-directional encryption
hpenteloav,Hillel Pentelo,hpenteloav@homestead.com,lvme8dcsQ,1972-03-04,false,Business-focused object-oriented ability
sstukeaw,Sydel Stuke,sstukeaw@imageshack.us,NBxuFsMwKmNW,1977-09-22,false,Business-focused systemic superstructure
ftschirschkyax,Filberto Tschirschky,ftschirschkyax@smugmug.com,QfX6KJo,2007-07-29,false,Diverse multimedia service-desk
clangstoneay,Christye Langstone,clangstoneay@amazon.com,fg15fbnHFWeQ,1997-06-30,false,Cross-group bottom-line parallelism
gshackleaz,Gael Shackle,gshackleaz@usnews.com,RwcR8XO,1995-07-05,true,Synchronised client-driven utilisation
bbachellierb0,Barbi Bachellier,bbachellierb0@geocities.jp,Ot8ONhax2F,1987-11-04,false,Optional eco-centric infrastructure
vsiddleb1,Vern Siddle,vsiddleb1@trellian.com,4EmocSYxE1CS,2009-08-01,true,User-centric mobile portal
esedgemoreb2,Ed Sedgemore,esedgemoreb2@nifty.com,mi7l2XM,1988-04-18,false,Stand-alone mission-critical intranet
kgrushinb3,Kippy Grushin,kgrushinb3@economist.com,dy3ejFRaBo,2002-07-30,true,Organic global capability
rpeeleb4,Reube Peele,rpeeleb4@wikia.com,p7sj8ml,1995-02-16,false,Horizontal zero administration application
ljeanenetb5,Linus Jeanenet,ljeanenetb5@prlog.org,9Le8v5hu,1989-02-20,false,Optional transitional definition
biornsb6,Bern Iorns,biornsb6@instagram.com,aezhdO2vPmP4,1985-11-08,false,Quality-focused web-enabled internet solution
vedinburghb7,Viola Edinburgh,vedinburghb7@archive.org,lntPK7A2T7nV,2006-09-19,true,Progressive optimal capability
sgeaterb8,Sterne Geater,sgeaterb8@oaic.gov.au,j9k4CCd50ki,1989-06-04,false,Distributed system-worthy internet solution
gdeb9,Genia De La Haye,gdeb9@ezinearticles.com,prBPLCrmg,1985-07-25,true,Decentralized directional contingency
mrosparsba,Mellisa Rospars,mrosparsba@dell.com,2DuRtOoE0yLi,2001-11-11,true,Stand-alone cohesive knowledge base
kruppelinbb,Korney Ruppelin,kruppelinbb@usda.gov,fR7UYwwwYx18,2007-03-27,false,Customizable systematic installation
flarnebc,Forster Larne,flarnebc@unblog.fr,gcT7RWoh,1978-01-14,false,Proactive homogeneous implementation
mwalheddbd,Michell Walhedd,mwalheddbd@stumbleupon.com,1VCsAggE0,1994-12-19,false,Universal systemic core
flimpertzbe,Fidela Limpertz,flimpertzbe@wsj.com,HrfQR4ldwZif,1974-03-05,true,Up-sized user-facing structure
bparlottbf,Brynn Parlott,bparlottbf@webmd.com,LerYSinK3rDQ,1996-08-17,true,Open-architected dedicated matrices
geddowbg,Gayleen Eddow,geddowbg@hostgator.com,zjsEQGDX7,2009-06-15,false,User-friendly coherent knowledge base
afarlanebh,Abe Farlane,afarlanebh@artisteer.com,wIq4u1wIKZah,2008-10-26,false,Synchronised client-server migration
dcowlbi,Desi Cowl,dcowlbi@mapquest.com,zB9EsU,1972-10-15,true,Realigned foreground hub
mdurransbj,Marrissa Durrans,mdurransbj@abc.net.au,o2DmMVy,2008-05-31,true,Triple-buffered 6th generation firmware
emonganbk,Edsel Mongan,emonganbk@ifeng.com,LI9WTBY8,2002-07-06,false,Realigned intangible protocol
adunderdalebl,Angy Dunderdale,adunderdalebl@smugmug.com,1uGR1f,1983-04-21,true,Sharable object-oriented hardware
dhubblebm,Dulsea Hubble,dhubblebm@biglobe.ne.jp,LGbfzPkRhnJe,1971-09-18,true,Extended discrete productivity
ldellbn,Lorianna Dell,ldellbn@deliciousdays.com,l9jS6C9mQ,1996-09-27,false,Exclusive intangible initiative
wrattriebo,Weylin Rattrie,wrattriebo@cbc.ca,oQwgoc,1999-09-03,true,Innovative neutral info-mediaries
kmeritonbp,Kristan Meriton,kmeritonbp@addtoany.com,lhLzKZWxAnB5,1989-01-13,true,Seamless eco-centric workforce
elissimorebq,Edita Lissimore,elissimorebq@wikispaces.com,Ock6a7eKeoZ,2006-05-19,true,Synergistic didactic knowledge base
cmclaffertybr,Charita McLafferty,cmclaffertybr@biglobe.ne.jp,c3Ub3BJU,1991-02-26,false,Down-sized object-oriented success
meverleybs,Mathian Everley,meverleybs@discovery.com,o8shqRu,1988-02-26,true,Organized didactic process improvement
mdruittbt,Mordy Druitt,mdruittbt@harvard.edu,9VxVEH2UQ,1984-12-09,false,Vision-oriented radical standardization
traspbu,Tracee Rasp,traspbu@github.io,qTAGBzpdTz1u,1980-11-22,false,Compatible 24 hour frame
galenikovbv,Gifford Alenikov,galenikovbv@issuu.com,Yqrt9HhKt,1997-10-01,true,Organized content-based solution
bhankinsonbw,Brendon Hankinson,bhankinsonbw@naver.com,uX1iw1,1975-12-27,true,Ameliorated homogeneous parallelism
ychaterbx,Yetta Chater,ychaterbx@jimdo.com,rkxxRt9Z9a,1980-05-17,true,Front-line 3rd generation artificial intelligence
mjanczewskiby,Maurie Janczewski,mjanczewskiby@princeton.edu,duUv2w,1972-12-13,false,Focused bi-directional protocol
dpiattobz,Dyna Piatto,dpiattobz@google.de,JIdwmwuy6oP,1980-03-23,false,Face to face global matrices
eparkerc0,Elmira Parker,eparkerc0@prnewswire.com,oYyOC7gkbG,2001-06-23,false,Centralized heuristic structure
siacoviellic1,Staford Iacovielli,siacoviellic1@amazon.co.jp,fA1S2piKV6,1999-08-23,false,Compatible user-facing conglomeration
jpearcec2,Jania Pearce,jpearcec2@mozilla.com,EylnDnmas,1980-03-01,true,Organic national data-warehouse
gnighc3,Gwendolin Nigh,gnighc3@simplemachines.org,cx1TH3MD,1998-02-09,false,Cross-platform discrete functionalities
eisworthc4,Eugen Isworth,eisworthc4@chicagotribune.com,dBqqyPFTtH,1975-07-30,false,Balanced clear-thinking capacity
ialdusc5,Iggy Aldus,ialdusc5@usatoday.com,cY41OVaJbqlA,2000-09-17,true,Cloned systematic hardware
cgreddenc6,Cherice Gredden,cgreddenc6@bloglines.com,EMuTxqb,1986-05-11,false,Pre-emptive 3rd generation extranet
skortingc7,Sianna Korting,skortingc7@squarespace.com,d9ZaFKfmJI,2007-01-26,false,Distributed exuding access
ajoynerc8,Annaliese Joyner,ajoynerc8@symantec.com,mRLSOmY,1975-09-04,true,Automated user-facing orchestration
sludfordc9,Sylvan Ludford,sludfordc9@constantcontact.com,GCj0P83gC,1975-02-11,true,Assimilated national capability
sgumeryca,Sheba Gumery,sgumeryca@nyu.edu,0ECpn72,1996-08-15,true,Versatile national help-desk
dcantocb,Dania Canto,dcantocb@blinklist.com,VCMgskF,2006-04-08,false,Mandatory stable definition
mrichardotcc,Mattias Richardot,mrichardotcc@rambler.ru,s0xPg5f,1995-07-13,false,Mandatory foreground leverage
spengelleycd,Sapphira Pengelley,spengelleycd@lycos.com,6VNJ3zeHY3V,1996-03-05,true,Phased 5th generation workforce
tproshce,Timmy Prosh,tproshce@cbsnews.com,Eogdi7Oyn,1988-10-24,true,Programmable neutral contingency
rcurlcf,Rabi Curl,rcurlcf@mayoclinic.com,kbgSxC,2000-12-18,false,Cross-platform heuristic encryption
vgeorghioucg,Vina Georghiou,vgeorghioucg@smugmug.com,14h3Fd3,1997-07-21,false,Triple-buffered radical system engine
mrevillech,Morley Reville,mrevillech@people.com.cn,uTwWmC6tgKJc,1987-03-08,true,Exclusive systematic architecture
kslateci,Karney Slate,kslateci@soup.io,jkr3q6GQ,1981-10-01,false,Stand-alone motivating secured line
tworgencj,Twila Worgen,tworgencj@diigo.com,Ysnh7KU,1985-04-17,false,Automated systemic access
nseamerck,Niel Seamer,nseamerck@about.com,edARM62gm,1991-05-03,true,Compatible object-oriented circuit
dcarrettcl,Dareen Carrett,dcarrettcl@ft.com,1vbQMwyHIvou,1980-01-01,true,Streamlined explicit collaboration
lswancottcm,Lucretia Swancott,lswancottcm@naver.com,JDHKNK9ftitJ,2000-02-09,true,Grass-roots 4th generation matrix
astentoncn,Angelique Stenton,astentoncn@digg.com,vwfDFUeWQ,2010-05-18,false,Cross-platform client-driven array
tdunbabinco,Thorsten Dunbabin,tdunbabinco@reddit.com,EEp2GceL,1995-09-25,true,Vision-oriented methodical system engine
mgamecp,Minda Game,mgamecp@ftc.gov,x0bVLf1rVi,2008-12-01,true,Polarised heuristic challenge
bhardistycq,Brewster Hardisty,bhardistycq@icq.com,2G7tWw4vdej,1976-12-31,true,Ergonomic multi-tasking complexity
kharvardcr,Karalynn Harvard,kharvardcr@uol.com.br,gQXFcIfqs4GQ,2004-11-01,true,Grass-roots contextually-based adapter
pphillputcs,Prudy Phillput,pphillputcs@cisco.com,sKEMBpW,1988-01-26,false,Optional fresh-thinking function
manfonsict,Monty Anfonsi,manfonsict@nsw.gov.au,ALisIatRlG,1993-09-06,true,Fundamental discrete product
jgirdlestonecu,Jaime Girdlestone,jgirdlestonecu@amazonaws.com,DNm24wQKtjLL,2005-05-14,false,Exclusive cohesive solution
jscuttercv,Joelynn Scutter,jscuttercv@tinyurl.com,6ikn1Ax,1979-12-11,true,Robust didactic moratorium
mdreakincw,Melisent Dreakin,mdreakincw@msu.edu,VJZxevnz,2008-02-25,false,Enhanced multimedia parallelism
bbengallcx,Benedikta Bengall,bbengallcx@usda.gov,G857PkLbvjad,2001-07-06,true,Front-line needs-based functionalities
sgoodbancy,Stefano Goodban,sgoodbancy@technorati.com,ht0rz4qErOqs,1981-01-09,false,Robust neutral orchestration
boreillycz,Brucie O'Reilly,boreillycz@i2i.jp,DN2jbwQz34Lq,2008-11-05,false,Compatible empowering implementation
sjested0,Sandra Jeste,sjested0@icq.com,gQrXjot5FgU,1975-04-29,true,Switchable bottom-line database
fcrosgroved1,Frieda Crosgrove,fcrosgroved1@chron.com,DZgFXb4xuz,2008-05-07,true,Total zero administration utilisation
cerridged2,Caresse Erridge,cerridged2@issuu.com,ikgoJw85Y,2007-06-25,true,User-centric asymmetric matrix
lavramowd3,Lucila Avramow,lavramowd3@deviantart.com,4Fi6Sy,1985-07-10,true,Ameliorated maximized open architecture
dfrancaisd4,Doralynne Francais,dfrancaisd4@quantcast.com,LAHLiyY6x,1999-02-05,true,Pre-emptive bottom-line focus group
dkeneleysided5,Darryl Keneleyside,dkeneleysided5@upenn.edu,yuAoOmlQPK,1978-08-17,true,Reverse-engineered real-time groupware
socarrand6,Stacee O'Carran,socarrand6@uol.com.br,I4JEzOIQSeL,1994-02-26,true,Balanced user-facing parallelism
shallend7,Suzette Hallen,shallend7@nba.com,Dx3G4uTlWk4,1996-06-18,true,Optional radical standardization
cmourantd8,Charleen Mourant,cmourantd8@flavors.me,H6byUY2j6,1980-07-14,false,Proactive fresh-thinking secured line
tengad9,Terrel Enga,tengad9@columbia.edu,UPQM2ZOafXC,1990-06-09,false,Fully-configurable bandwidth-monitored Graphic Interface
kdonaghieda,Kathleen Donaghie,kdonaghieda@xinhuanet.com,D18Vg02lKTT,2007-03-06,false,Optional client-server monitoring
svidelerdb,Stan Videler,svidelerdb@parallels.com,himtuMn3Y,1972-12-07,false,Enhanced object-oriented superstructure
cgraftondc,Celka Grafton,cgraftondc@blogspot.com,nDhAzDL6BM1g,1984-05-22,true,Persevering 6th generation portal
pcelierdd,Puff Celier,pcelierdd@tumblr.com,MEDR25z40Kc,1976-01-21,false,Networked attitude-oriented moderator
lcardede,Lanna Carde,lcardede@slideshare.net,94X3OG,1972-04-30,true,Inverse mobile product
dextalldf,Danika Extall,dextalldf@nsw.gov.au,tIzpND,1996-08-08,true,Robust encompassing time-frame
cberrisforddg,Claudina Berrisford,cberrisforddg@blog.com,qZ950g7is,1974-07-14,false,Open-source context-sensitive functionalities
laldaydh,Leese Alday,laldaydh@jugem.jp,6kGMxGM5x,1993-03-30,true,Enhanced context-sensitive productivity
sibertdi,Sheilah Ibert,sibertdi@elegantthemes.com,7wIB6KcBszP,1992-06-08,true,Profit-focused transitional superstructure
jcamberdj,Jimmy Camber,jcamberdj@ftc.gov,VZGN1J3,2002-07-28,false,Enterprise-wide optimal extranet
cayscoughdk,Cyrillus Ayscough,cayscoughdk@addtoany.com,DTY05p,1974-09-05,true,Assimilated client-server knowledge user
mdidl,Minerva Di Ruggiero,mdidl@hexun.com,7pqDB1e,1979-06-23,true,Assimilated human-resource knowledge user
spurdydm,Shani Purdy,spurdydm@hostgator.com,R7RHk96,1979-10-26,false,Re-contextualized non-volatile methodology
atuhydn,Abra Tuhy,atuhydn@sciencedirect.com,uzv9FsDtV6,2009-09-24,true,Vision-oriented upward-trending complexity
ethorlbydo,Elwood Thorlby,ethorlbydo@dagondesign.com,jkBS7yGD8,1981-05-05,false,Multi-layered reciprocal info-mediaries
hteasdalemarkiedp,Hilly Teasdale-Markie,hteasdalemarkiedp@timesonline.co.uk,hZqTllflI,1979-09-29,true,Exclusive grid-enabled solution
cprobbingdq,Calla Probbing,cprobbingdq@1und1.de,HRMiXqTos35i,2009-11-18,true,Exclusive attitude-oriented access
jeverildr,Jeana Everil,jeverildr@ucla.edu,f831WbUSv,2009-11-05,false,Sharable heuristic implementation
aneisingds,Austina Neising,aneisingds@tumblr.com,fznvY7HX4fP,1978-11-13,false,Diverse multi-state groupware
cgeekindt,Celie Geekin,cgeekindt@java.com,13A95skx1,1991-10-09,true,Multi-lateral local approach
mdjurevicdu,Monika Djurevic,mdjurevicdu@msn.com,gN8h9Kt,1996-07-14,true,Virtual value-added success
sgadiedv,Sande Gadie,sgadiedv@smugmug.com,31hvqm9t,1981-05-22,true,Operative actuating open system
